{"cameraMode":{"drawMode":0,"name":"Shaded","section":"Shading Mode"},"sceneLighting":true,"audioPlay":false,"sceneViewState":{"m_AlwaysRefresh":false,"showFog":true,"showSkybox":true,"showFlares":true,"showImageEffects":true,"showParticleSystems":true,"showVisualEffectGraphs":true,"m_FxEnabled":false},"in2DMode":false,"pivot":{"x":-1.5445270538330079,"y":1.2580413818359376,"z":5.024379730224609},"rotation":{"x":0.7081658840179443,"y":-0.001059067784808576,"z":0.0010622496483847499,"w":0.706044614315033},"size":25.89298439025879,"orthographic":false}